<application>
  <component name="ProjectJdkTable">
    <jdk version="2">
      <name value="1.8" />
      <type value="JavaSDK" />
      <version value="java version &quot;1.8.0_161&quot;" />
      <homePath value="/opt/c2p/latest" />
      <roots>
        <annotationsPath>
          <root type="composite">
            <root url="jar://$APPLICATION_HOME_DIR$/lib/jdkAnnotations.jar!/" type="simple" />
          </root>
        </annotationsPath>
        <classPath>
          <root type="composite">
            <root url="jar:///opt/c2p/latest/jre/lib/charsets.jar!/" type="simple" />
            <root url="jar:///opt/c2p/latest/jre/lib/deploy.jar!/" type="simple" />
            <root url="jar:///opt/c2p/latest/jre/lib/ext/cldrdata.jar!/" type="simple" />
            <root url="jar:///opt/c2p/latest/jre/lib/ext/dnsns.jar!/" type="simple" />
            <root url="jar:///opt/c2p/latest/jre/lib/ext/jaccess.jar!/" type="simple" />
            <root url="jar:///opt/c2p/latest/jre/lib/ext/jfxrt.jar!/" type="simple" />
            <root url="jar:///opt/c2p/latest/jre/lib/ext/localedata.jar!/" type="simple" />
            <root url="jar:///opt/c2p/latest/jre/lib/ext/nashorn.jar!/" type="simple" />
            <root url="jar:///opt/c2p/latest/jre/lib/ext/sunec.jar!/" type="simple" />
            <root url="jar:///opt/c2p/latest/jre/lib/ext/sunjce_provider.jar!/" type="simple" />
            <root url="jar:///opt/c2p/latest/jre/lib/ext/sunpkcs11.jar!/" type="simple" />
            <root url="jar:///opt/c2p/latest/jre/lib/ext/zipfs.jar!/" type="simple" />
            <root url="jar:///opt/c2p/latest/jre/lib/javaws.jar!/" type="simple" />
            <root url="jar:///opt/c2p/latest/jre/lib/jce.jar!/" type="simple" />
            <root url="jar:///opt/c2p/latest/jre/lib/jfr.jar!/" type="simple" />
            <root url="jar:///opt/c2p/latest/jre/lib/jfxswt.jar!/" type="simple" />
            <root url="jar:///opt/c2p/latest/jre/lib/jsse.jar!/" type="simple" />
            <root url="jar:///opt/c2p/latest/jre/lib/management-agent.jar!/" type="simple" />
            <root url="jar:///opt/c2p/latest/jre/lib/plugin.jar!/" type="simple" />
            <root url="jar:///opt/c2p/latest/jre/lib/resources.jar!/" type="simple" />
            <root url="jar:///opt/c2p/latest/jre/lib/rt.jar!/" type="simple" />
          </root>
        </classPath>
        <javadocPath>
          <root type="composite" />
        </javadocPath>
        <sourcePath>
          <root type="composite">
            <root url="jar:///opt/c2p/latest/src.zip!/" type="simple" />
            <root url="jar:///opt/c2p/latest/javafx-src.zip!/" type="simple" />
          </root>
        </sourcePath>
      </roots>
      <additional />
    </jdk>
    <jdk version="2">
      <name value="IntelliJ IDEA Community Edition IC-192.6817.14" />
      <type value="IDEA JDK" />
      <version value="java version &quot;1.8.0_161&quot;" />
      <homePath value="$APPLICATION_HOME_DIR$" />
      <roots>
        <annotationsPath>
          <root type="composite">
            <root url="jar://$APPLICATION_HOME_DIR$/plugins/java/lib/jdkAnnotations.jar!/" type="simple" />
          </root>
        </annotationsPath>
        <classPath>
          <root type="composite">
            <root url="jar://$APPLICATION_HOME_DIR$/lib/kotlin-stdlib-1.3.31.jar!/" type="simple" />
            <root url="jar://$APPLICATION_HOME_DIR$/lib/batik-bridge-1.12.0-8.jar!/" type="simple" />
            <root url="jar://$APPLICATION_HOME_DIR$/lib/velocity-1.7.jar!/" type="simple" />
            <root url="jar://$APPLICATION_HOME_DIR$/lib/trilead-ssh2-build-217-jenkins-14.jar!/" type="simple" />
            <root url="jar://$APPLICATION_HOME_DIR$/lib/imageio-core-3.4.1.jar!/" type="simple" />
            <root url="jar://$APPLICATION_HOME_DIR$/lib/httpclient-4.5.9.jar!/" type="simple" />
            <root url="jar://$APPLICATION_HOME_DIR$/lib/xml-apis-ext-1.3.04.jar!/" type="simple" />
            <root url="jar://$APPLICATION_HOME_DIR$/lib/winp-1.28.jar!/" type="simple" />
            <root url="jar://$APPLICATION_HOME_DIR$/lib/commons-codec-1.13.jar!/" type="simple" />
            <root url="jar://$APPLICATION_HOME_DIR$/lib/forms-1.1-preview.jar!/" type="simple" />
            <root url="jar://$APPLICATION_HOME_DIR$/lib/httpcore-4.4.11.jar!/" type="simple" />
            <root url="jar://$APPLICATION_HOME_DIR$/lib/jshell-frontend.jar!/" type="simple" />
            <root url="jar://$APPLICATION_HOME_DIR$/lib/purejavacomm-0.0.11.1.jar!/" type="simple" />
            <root url="jar://$APPLICATION_HOME_DIR$/lib/resources_en.jar!/" type="simple" />
            <root url="jar://$APPLICATION_HOME_DIR$/lib/intellij-coverage-agent-1.0.508.jar!/" type="simple" />
            <root url="jar://$APPLICATION_HOME_DIR$/lib/reactive-streams-1.0.2.jar!/" type="simple" />
            <root url="jar://$APPLICATION_HOME_DIR$/lib/jdom.jar!/" type="simple" />
            <root url="jar://$APPLICATION_HOME_DIR$/lib/netty-codec-http-4.1.38.Final.jar!/" type="simple" />
            <root url="jar://$APPLICATION_HOME_DIR$/lib/jps-model.jar!/" type="simple" />
            <root url="jar://$APPLICATION_HOME_DIR$/lib/hamcrest-core-1.3.jar!/" type="simple" />
            <root url="jar://$APPLICATION_HOME_DIR$/lib/asm-tree-5.0.3.jar!/" type="simple" />
            <root url="jar://$APPLICATION_HOME_DIR$/lib/xmlbeans-2.6.0.jar!/" type="simple" />
            <root url="jar://$APPLICATION_HOME_DIR$/lib/intellij-dvcs.jar!/" type="simple" />
            <root url="jar://$APPLICATION_HOME_DIR$/lib/batik-svg-dom-1.12.0-8.jar!/" type="simple" />
            <root url="jar://$APPLICATION_HOME_DIR$/lib/jaxb-api-2.3.1.jar!/" type="simple" />
            <root url="jar://$APPLICATION_HOME_DIR$/lib/cglib-nodep-3.2.4.jar!/" type="simple" />
            <root url="jar://$APPLICATION_HOME_DIR$/lib/batik-dom-1.12.0-8.jar!/" type="simple" />
            <root url="jar://$APPLICATION_HOME_DIR$/lib/jackson-core-2.9.9.jar!/" type="simple" />
            <root url="jar://$APPLICATION_HOME_DIR$/lib/istack-commons-runtime-3.0.7.jar!/" type="simple" />
            <root url="jar://$APPLICATION_HOME_DIR$/lib/error_prone_annotations-2.3.1.jar!/" type="simple" />
            <root url="jar://$APPLICATION_HOME_DIR$/lib/org.eclipse.xtend.lib-2.14.0.jar!/" type="simple" />
            <root url="jar://$APPLICATION_HOME_DIR$/lib/intellij-xml.jar!/" type="simple" />
            <root url="jar://$APPLICATION_HOME_DIR$/lib/platform-util-ui.jar!/" type="simple" />
            <root url="jar://$APPLICATION_HOME_DIR$/lib/common-lang-3.4.1.jar!/" type="simple" />
            <root url="jar://$APPLICATION_HOME_DIR$/lib/ion-java-1.5.0-1.jar!/" type="simple" />
            <root url="jar://$APPLICATION_HOME_DIR$/lib/xmlpull-1.1.3.1.jar!/" type="simple" />
            <root url="jar://$APPLICATION_HOME_DIR$/lib/pty4j-0.9.4.jar!/" type="simple" />
            <root url="jar://$APPLICATION_HOME_DIR$/lib/asm-analysis-5.0.3.jar!/" type="simple" />
            <root url="jar://$APPLICATION_HOME_DIR$/lib/bcprov-jdk15on-1.62.jar!/" type="simple" />
            <root url="jar://$APPLICATION_HOME_DIR$/lib/slf4j-api-1.7.25.jar!/" type="simple" />
            <root url="jar://$APPLICATION_HOME_DIR$/lib/netty-handler-proxy-4.1.38.Final.jar!/" type="simple" />
            <root url="jar://$APPLICATION_HOME_DIR$/lib/platform-util-ex.jar!/" type="simple" />
            <root url="jar://$APPLICATION_HOME_DIR$/lib/ini4j-0.5.5-2.jar!/" type="simple" />
            <root url="jar://$APPLICATION_HOME_DIR$/lib/rngom-20051226-patched.jar!/" type="simple" />
            <root url="jar://$APPLICATION_HOME_DIR$/lib/kotlinx-coroutines-jdk8-1.2.1.jar!/" type="simple" />
            <root url="jar://$APPLICATION_HOME_DIR$/lib/jediterm-pty-2.20.jar!/" type="simple" />
            <root url="jar://$APPLICATION_HOME_DIR$/lib/xpp3_min-1.1.4c.jar!/" type="simple" />
            <root url="jar://$APPLICATION_HOME_DIR$/lib/platform-objectSerializer-annotations.jar!/" type="simple" />
            <root url="jar://$APPLICATION_HOME_DIR$/lib/commons-logging-1.2.jar!/" type="simple" />
            <root url="jar://$APPLICATION_HOME_DIR$/lib/commons-collections-3.2.2.jar!/" type="simple" />
            <root url="jar://$APPLICATION_HOME_DIR$/lib/baksmali-2.2.1.jar!/" type="simple" />
            <root url="jar://$APPLICATION_HOME_DIR$/lib/fluent-hc-4.5.9.jar!/" type="simple" />
            <root url="jar://$APPLICATION_HOME_DIR$/lib/intellij-test-discovery-agent-1.0.508.jar!/" type="simple" />
            <root url="jar://$APPLICATION_HOME_DIR$/lib/batik-transcoder-1.12.0-8.jar!/" type="simple" />
            <root url="jar://$APPLICATION_HOME_DIR$/lib/netty-transport-4.1.38.Final.jar!/" type="simple" />
            <root url="jar://$APPLICATION_HOME_DIR$/lib/jsoup-1.11.3.jar!/" type="simple" />
            <root url="jar://$APPLICATION_HOME_DIR$/lib/asm-5.0.3.jar!/" type="simple" />
            <root url="jar://$APPLICATION_HOME_DIR$/lib/jackson-databind-2.9.9.jar!/" type="simple" />
            <root url="jar://$APPLICATION_HOME_DIR$/lib/xmlgraphics-commons-2.3.jar!/" type="simple" />
            <root url="jar://$APPLICATION_HOME_DIR$/lib/kotlin-stdlib-jdk7-1.3.31.jar!/" type="simple" />
            <root url="jar://$APPLICATION_HOME_DIR$/lib/log4j.jar!/" type="simple" />
            <root url="jar://$APPLICATION_HOME_DIR$/lib/util.jar!/" type="simple" />
            <root url="jar://$APPLICATION_HOME_DIR$/lib/common-io-3.4.1.jar!/" type="simple" />
            <root url="jar://$APPLICATION_HOME_DIR$/lib/bootstrap.jar!/" type="simple" />
            <root url="jar://$APPLICATION_HOME_DIR$/lib/sa-jdwp-1.12.jar!/" type="simple" />
            <root url="jar://$APPLICATION_HOME_DIR$/lib/jaxb-runtime-2.3.1.jar!/" type="simple" />
            <root url="jar://$APPLICATION_HOME_DIR$/lib/markdownj-core-0.4.2-SNAPSHOT.jar!/" type="simple" />
            <root url="jar://$APPLICATION_HOME_DIR$/lib/miglayout-swing-5.2.jar!/" type="simple" />
            <root url="jar://$APPLICATION_HOME_DIR$/lib/jna.jar!/" type="simple" />
            <root url="jar://$APPLICATION_HOME_DIR$/lib/json.jar!/" type="simple" />
            <root url="jar://$APPLICATION_HOME_DIR$/lib/jackson-annotations-2.9.0.jar!/" type="simple" />
            <root url="jar://$APPLICATION_HOME_DIR$/lib/kotlin-stdlib-jdk8-1.3.31.jar!/" type="simple" />
            <root url="jar://$APPLICATION_HOME_DIR$/lib/netty-resolver-4.1.38.Final.jar!/" type="simple" />
            <root url="jar://$APPLICATION_HOME_DIR$/lib/commons-io-2.6.jar!/" type="simple" />
            <root url="jar://$APPLICATION_HOME_DIR$/lib/nekohtml-1.9.22.jar!/" type="simple" />
            <root url="jar://$APPLICATION_HOME_DIR$/lib/gherkin-2.12.2.jar!/" type="simple" />
            <root url="jar://$APPLICATION_HOME_DIR$/lib/netty-codec-http2-4.1.38.Final.jar!/" type="simple" />
            <root url="jar://$APPLICATION_HOME_DIR$/lib/dbus-java-3.0.2.jar!/" type="simple" />
            <root url="jar://$APPLICATION_HOME_DIR$/lib/batik-util-1.12.0-8.jar!/" type="simple" />
            <root url="jar://$APPLICATION_HOME_DIR$/lib/stax-ex-1.8.jar!/" type="simple" />
            <root url="jar://$APPLICATION_HOME_DIR$/lib/kotlin-reflect-1.3.31.jar!/" type="simple" />
            <root url="jar://$APPLICATION_HOME_DIR$/lib/javax.annotation-api-1.3.2.jar!/" type="simple" />
            <root url="jar://$APPLICATION_HOME_DIR$/lib/exception-analyzer-api-1.0.1.jar!/" type="simple" />
            <root url="jar://$APPLICATION_HOME_DIR$/lib/jsr305.jar!/" type="simple" />
            <root url="jar://$APPLICATION_HOME_DIR$/lib/trang-core.jar!/" type="simple" />
            <root url="jar://$APPLICATION_HOME_DIR$/lib/platform-objectSerializer.jar!/" type="simple" />
            <root url="jar://$APPLICATION_HOME_DIR$/lib/sqlite-jdbc-3.21.0.1.jar!/" type="simple" />
            <root url="jar://$APPLICATION_HOME_DIR$/lib/javassist-3.22.0-GA.jar!/" type="simple" />
            <root url="jar://$APPLICATION_HOME_DIR$/lib/lz4-java-1.6.0.jar!/" type="simple" />
            <root url="jar://$APPLICATION_HOME_DIR$/lib/xz-1.8.jar!/" type="simple" />
            <root url="jar://$APPLICATION_HOME_DIR$/lib/imageio-tiff-3.4.1.jar!/" type="simple" />
            <root url="jar://$APPLICATION_HOME_DIR$/lib/platform-concurrency.jar!/" type="simple" />
            <root url="jar://$APPLICATION_HOME_DIR$/lib/groovy-all-2.4.17.jar!/" type="simple" />
            <root url="jar://$APPLICATION_HOME_DIR$/lib/delight-rhino-sandbox-0.0.10.jar!/" type="simple" />
            <root url="jar://$APPLICATION_HOME_DIR$/lib/swingx-core-1.6.2-2.jar!/" type="simple" />
            <root url="jar://$APPLICATION_HOME_DIR$/lib/commons-compress-1.18.jar!/" type="simple" />
            <root url="jar://$APPLICATION_HOME_DIR$/lib/isorelax-20030108.jar!/" type="simple" />
            <root url="jar://$APPLICATION_HOME_DIR$/lib/guava-25.1-jre.jar!/" type="simple" />
            <root url="jar://$APPLICATION_HOME_DIR$/lib/microba.jar!/" type="simple" />
            <root url="jar://$APPLICATION_HOME_DIR$/lib/forms_rt.jar!/" type="simple" />
            <root url="jar://$APPLICATION_HOME_DIR$/lib/batik-gvt-1.12.0-8.jar!/" type="simple" />
            <root url="jar://$APPLICATION_HOME_DIR$/lib/randomForestRegressor-0.0.11.jar!/" type="simple" />
            <root url="jar://$APPLICATION_HOME_DIR$/lib/cli-parser-1.1.5.jar!/" type="simple" />
            <root url="jar://$APPLICATION_HOME_DIR$/lib/extensions.jar!/" type="simple" />
            <root url="jar://$APPLICATION_HOME_DIR$/lib/FastInfoset-1.2.15.jar!/" type="simple" />
            <root url="jar://$APPLICATION_HOME_DIR$/lib/rxjava-2.2.8.jar!/" type="simple" />
            <root url="jar://$APPLICATION_HOME_DIR$/lib/netty-handler-4.1.38.Final.jar!/" type="simple" />
            <root url="jar://$APPLICATION_HOME_DIR$/lib/idea.jar!/" type="simple" />
            <root url="jar://$APPLICATION_HOME_DIR$/lib/oro-2.0.8.jar!/" type="simple" />
            <root url="jar://$APPLICATION_HOME_DIR$/lib/jcip-annotations-1.0.jar!/" type="simple" />
            <root url="jar://$APPLICATION_HOME_DIR$/lib/org.eclipse.xtext.xbase.lib-2.14.0.jar!/" type="simple" />
            <root url="jar://$APPLICATION_HOME_DIR$/lib/trove4j.jar!/" type="simple" />
            <root url="jar://$APPLICATION_HOME_DIR$/lib/gson-2.8.5.jar!/" type="simple" />
            <root url="jar://$APPLICATION_HOME_DIR$/lib/protobuf-java-3.5.1.jar!/" type="simple" />
            <root url="jar://$APPLICATION_HOME_DIR$/lib/jaxen-1.2.0.jar!/" type="simple" />
            <root url="jar://$APPLICATION_HOME_DIR$/lib/jsch-0.1.55.jar!/" type="simple" />
            <root url="jar://$APPLICATION_HOME_DIR$/lib/batik-svggen-1.12.0-8.jar!/" type="simple" />
            <root url="jar://$APPLICATION_HOME_DIR$/lib/xstream-1.4.11.1.jar!/" type="simple" />
            <root url="jar://$APPLICATION_HOME_DIR$/lib/kotlin-test-common-1.3.31.jar!/" type="simple" />
            <root url="jar://$APPLICATION_HOME_DIR$/lib/serviceMessages.jar!/" type="simple" />
            <root url="jar://$APPLICATION_HOME_DIR$/lib/platform-ide-util-io.jar!/" type="simple" />
            <root url="jar://$APPLICATION_HOME_DIR$/lib/miglayout-core-5.2.jar!/" type="simple" />
            <root url="jar://$APPLICATION_HOME_DIR$/lib/platform-api.jar!/" type="simple" />
            <root url="jar://$APPLICATION_HOME_DIR$/lib/commons-imaging-1.0-RC-1.jar!/" type="simple" />
            <root url="jar://$APPLICATION_HOME_DIR$/lib/netty-codec-socks-4.1.38.Final.jar!/" type="simple" />
            <root url="jar://$APPLICATION_HOME_DIR$/lib/external-system-rt.jar!/" type="simple" />
            <root url="jar://$APPLICATION_HOME_DIR$/lib/aapt-proto-jarjar.jar!/" type="simple" />
            <root url="jar://$APPLICATION_HOME_DIR$/lib/platform-core-ui.jar!/" type="simple" />
            <root url="jar://$APPLICATION_HOME_DIR$/lib/kotlinx-coroutines-core-1.2.1.jar!/" type="simple" />
            <root url="jar://$APPLICATION_HOME_DIR$/lib/bcpkix-jdk15on-1.62.jar!/" type="simple" />
            <root url="jar://$APPLICATION_HOME_DIR$/lib/automaton-1.12-1.jar!/" type="simple" />
            <root url="jar://$APPLICATION_HOME_DIR$/lib/picocontainer-1.2.jar!/" type="simple" />
            <root url="jar://$APPLICATION_HOME_DIR$/lib/netty-common-4.1.38.Final.jar!/" type="simple" />
            <root url="jar://$APPLICATION_HOME_DIR$/lib/imgscalr-lib-4.2.jar!/" type="simple" />
            <root url="jar://$APPLICATION_HOME_DIR$/lib/plexus-utils-3.0.22.jar!/" type="simple" />
            <root url="jar://$APPLICATION_HOME_DIR$/lib/common-image-3.4.1.jar!/" type="simple" />
            <root url="jar://$APPLICATION_HOME_DIR$/lib/batik-awt-util-1.12.0-8.jar!/" type="simple" />
            <root url="jar://$APPLICATION_HOME_DIR$/lib/batik-ext-1.12.0-8.jar!/" type="simple" />
            <root url="jar://$APPLICATION_HOME_DIR$/lib/jna-platform.jar!/" type="simple" />
            <root url="jar://$APPLICATION_HOME_DIR$/lib/org.eclipse.xtend.lib.macro-2.14.0.jar!/" type="simple" />
            <root url="jar://$APPLICATION_HOME_DIR$/lib/configuration-store-impl.jar!/" type="simple" />
            <root url="jar://$APPLICATION_HOME_DIR$/lib/platform-impl.jar!/" type="simple" />
            <root url="jar://$APPLICATION_HOME_DIR$/lib/batik-anim-1.12.0-8.jar!/" type="simple" />
            <root url="jar://$APPLICATION_HOME_DIR$/lib/java-compatibility-1.0.1.jar!/" type="simple" />
            <root url="jar://$APPLICATION_HOME_DIR$/lib/batik-parser-1.12.0-8.jar!/" type="simple" />
            <root url="jar://$APPLICATION_HOME_DIR$/lib/idea_rt.jar!/" type="simple" />
            <root url="jar://$APPLICATION_HOME_DIR$/lib/kotlin-test-1.3.31.jar!/" type="simple" />
            <root url="jar://$APPLICATION_HOME_DIR$/lib/commons-httpclient-3.1-patched.jar!/" type="simple" />
            <root url="jar://$APPLICATION_HOME_DIR$/lib/cucumber-java-1.2.5.jar!/" type="simple" />
            <root url="jar://$APPLICATION_HOME_DIR$/lib/imageio-metadata-3.4.1.jar!/" type="simple" />
            <root url="jar://$APPLICATION_HOME_DIR$/lib/cucumber-core-1.2.4.jar!/" type="simple" />
            <root url="jar://$APPLICATION_HOME_DIR$/lib/txw2-2.3.1.jar!/" type="simple" />
            <root url="jar://$APPLICATION_HOME_DIR$/lib/spellchecker.jar!/" type="simple" />
            <root url="jar://$APPLICATION_HOME_DIR$/lib/jetCheck-0.2.1.jar!/" type="simple" />
            <root url="jar://$APPLICATION_HOME_DIR$/lib/jing-20030619.jar!/" type="simple" />
            <root url="jar://$APPLICATION_HOME_DIR$/lib/junit-4.12.jar!/" type="simple" />
            <root url="jar://$APPLICATION_HOME_DIR$/lib/batik-xml-1.12.0-8.jar!/" type="simple" />
            <root url="jar://$APPLICATION_HOME_DIR$/lib/resources.jar!/" type="simple" />
            <root url="jar://$APPLICATION_HOME_DIR$/lib/slf4j-log4j12-1.7.25.jar!/" type="simple" />
            <root url="jar://$APPLICATION_HOME_DIR$/lib/openapi.jar!/" type="simple" />
            <root url="jar://$APPLICATION_HOME_DIR$/lib/jdkAnnotations.jar!/" type="simple" />
            <root url="jar://$APPLICATION_HOME_DIR$/lib/netty-buffer-4.1.38.Final.jar!/" type="simple" />
            <root url="jar://$APPLICATION_HOME_DIR$/lib/javax.activation-1.2.0.jar!/" type="simple" />
            <root url="jar://$APPLICATION_HOME_DIR$/lib/streamex-0.6.8.jar!/" type="simple" />
            <root url="jar://$APPLICATION_HOME_DIR$/lib/images.jar!/" type="simple" />
            <root url="jar://$APPLICATION_HOME_DIR$/lib/eddsa-0.2.0.jar!/" type="simple" />
            <root url="jar://$APPLICATION_HOME_DIR$/lib/xml-resolver-1.2.jar!/" type="simple" />
            <root url="jar://$APPLICATION_HOME_DIR$/lib/netty-codec-4.1.38.Final.jar!/" type="simple" />
            <root url="jar://$APPLICATION_HOME_DIR$/lib/commons-net-3.6.jar!/" type="simple" />
            <root url="jar://$APPLICATION_HOME_DIR$/lib/asm-all-7.0.1.jar!/" type="simple" />
            <root url="jar://$APPLICATION_HOME_DIR$/lib/commons-lang-2.4.jar!/" type="simple" />
            <root url="jar://$APPLICATION_HOME_DIR$/lib/batik-css-1.12.0-8.jar!/" type="simple" />
            <root url="jar://$APPLICATION_HOME_DIR$/lib/credential-store.jar!/" type="simple" />
            <root url="jar://$APPLICATION_HOME_DIR$/lib/icons.jar!/" type="simple" />
            <root url="jar://$APPLICATION_HOME_DIR$/lib/built-in-server.jar!/" type="simple" />
            <root url="jar://$APPLICATION_HOME_DIR$/lib/rd-core-0.191.63.jar!/" type="simple" />
            <root url="jar://$APPLICATION_HOME_DIR$/lib/nanoxml-2.2.3.jar!/" type="simple" />
            <root url="jar://$APPLICATION_HOME_DIR$/lib/minlog-1.2.jar!/" type="simple" />
            <root url="jar://$APPLICATION_HOME_DIR$/lib/snakeyaml-1.24.jar!/" type="simple" />
            <root url="jar://$APPLICATION_HOME_DIR$/lib/jbcrypt-1.0.0.jar!/" type="simple" />
            <root url="jar://$APPLICATION_HOME_DIR$/lib/dexlib2-2.2.1.jar!/" type="simple" />
            <root url="jar://$APPLICATION_HOME_DIR$/lib/kotlin-stdlib-common-1.3.31.jar!/" type="simple" />
            <root url="jar://$APPLICATION_HOME_DIR$/lib/xercesImpl-2.12.0.jar!/" type="simple" />
            <root url="jar://$APPLICATION_HOME_DIR$/lib/objenesis-3.0.1.jar!/" type="simple" />
            <root url="jar://$APPLICATION_HOME_DIR$/lib/java-utils-1.0.5.jar!/" type="simple" />
            <root url="jar://$APPLICATION_HOME_DIR$/lib/stax-api-1.0.1.jar!/" type="simple" />
            <root url="jar://$APPLICATION_HOME_DIR$/lib/kryo-2.24.0.jar!/" type="simple" />
            <root url="jar://$APPLICATION_HOME_DIR$/lib/httpmime-4.5.9.jar!/" type="simple" />
            <root url="jar://$APPLICATION_HOME_DIR$/lib/javac2.jar!/" type="simple" />
            <root url="jar://$APPLICATION_HOME_DIR$/lib/proxy-vole-1.0.5-jb.2.jar!/" type="simple" />
            <root url="jar://$APPLICATION_HOME_DIR$/lib/rd-swing-0.191.63.jar!/" type="simple" />
            <root url="jar://$APPLICATION_HOME_DIR$/lib/util-2.2.1.jar!/" type="simple" />
            <root url="jar://$APPLICATION_HOME_DIR$/lib/batik-constants-1.12.0-8.jar!/" type="simple" />
            <root url="jar://$APPLICATION_HOME_DIR$/lib/xmlrpc-2.0.1.jar!/" type="simple" />
            <root url="jar://$APPLICATION_HOME_DIR$/lib/rhino-1.7.11.jar!/" type="simple" />
            <root url="jar://$APPLICATION_HOME_DIR$/lib/annotations.jar!/" type="simple" />
            <root url="jar://$APPLICATION_HOME_DIR$/plugins/java/lib/aether-impl-1.1.0.jar!/" type="simple" />
            <root url="jar://$APPLICATION_HOME_DIR$/plugins/java/lib/java-api.jar!/" type="simple" />
            <root url="jar://$APPLICATION_HOME_DIR$/plugins/java/lib/resources_en.jar!/" type="simple" />
            <root url="jar://$APPLICATION_HOME_DIR$/plugins/java/lib/aether-connector-basic-1.1.0.jar!/" type="simple" />
            <root url="jar://$APPLICATION_HOME_DIR$/plugins/java/lib/maven-aether-provider-3.3.9.jar!/" type="simple" />
            <root url="jar://$APPLICATION_HOME_DIR$/plugins/java/lib/java_resources_en.jar!/" type="simple" />
            <root url="jar://$APPLICATION_HOME_DIR$/plugins/java/lib/plexus-component-annotations-1.6.jar!/" type="simple" />
            <root url="jar://$APPLICATION_HOME_DIR$/plugins/java/lib/aether-transport-file-1.1.0.jar!/" type="simple" />
            <root url="jar://$APPLICATION_HOME_DIR$/plugins/java/lib/jps-builders.jar!/" type="simple" />
            <root url="jar://$APPLICATION_HOME_DIR$/plugins/java/lib/jgoodies-common-1.4.0.jar!/" type="simple" />
            <root url="jar://$APPLICATION_HOME_DIR$/plugins/java/lib/debugger-memory-agent-0.0.11.jar!/" type="simple" />
            <root url="jar://$APPLICATION_HOME_DIR$/plugins/java/lib/jps-launcher.jar!/" type="simple" />
            <root url="jar://$APPLICATION_HOME_DIR$/plugins/java/lib/aether-spi-1.1.0.jar!/" type="simple" />
            <root url="jar://$APPLICATION_HOME_DIR$/plugins/java/lib/wadl-core.jar!/" type="simple" />
            <root url="jar://$APPLICATION_HOME_DIR$/plugins/java/lib/ecj-4.10.jar!/" type="simple" />
            <root url="jar://$APPLICATION_HOME_DIR$/plugins/java/lib/java-impl.jar!/" type="simple" />
            <root url="jar://$APPLICATION_HOME_DIR$/plugins/java/lib/jps-builders-6.jar!/" type="simple" />
            <root url="jar://$APPLICATION_HOME_DIR$/plugins/java/lib/maven-model-builder-3.3.9.jar!/" type="simple" />
            <root url="jar://$APPLICATION_HOME_DIR$/plugins/java/lib/commons-lang3-3.4.jar!/" type="simple" />
            <root url="jar://$APPLICATION_HOME_DIR$/plugins/java/lib/plexus-utils-3.0.22.jar!/" type="simple" />
            <root url="jar://$APPLICATION_HOME_DIR$/plugins/java/lib/aether-transport-http-1.1.0.jar!/" type="simple" />
            <root url="jar://$APPLICATION_HOME_DIR$/plugins/java/lib/maven-model-3.3.9.jar!/" type="simple" />
            <root url="jar://$APPLICATION_HOME_DIR$/plugins/java/lib/jshell-protocol.jar!/" type="simple" />
            <root url="jar://$APPLICATION_HOME_DIR$/plugins/java/lib/resources.jar!/" type="simple" />
            <root url="jar://$APPLICATION_HOME_DIR$/plugins/java/lib/jdkAnnotations.jar!/" type="simple" />
            <root url="jar://$APPLICATION_HOME_DIR$/plugins/java/lib/maven-artifact-3.3.9.jar!/" type="simple" />
            <root url="jar://$APPLICATION_HOME_DIR$/plugins/java/lib/plexus-interpolation-1.21.jar!/" type="simple" />
            <root url="jar://$APPLICATION_HOME_DIR$/plugins/java/lib/maven-repository-metadata-3.3.9.jar!/" type="simple" />
            <root url="jar://$APPLICATION_HOME_DIR$/plugins/java/lib/aether-util-1.1.0.jar!/" type="simple" />
            <root url="jar://$APPLICATION_HOME_DIR$/plugins/java/lib/aether-api-1.1.0.jar!/" type="simple" />
            <root url="jar://$APPLICATION_HOME_DIR$/plugins/java/lib/maven-builder-support-3.3.9.jar!/" type="simple" />
            <root url="jar://$APPLICATION_HOME_DIR$/plugins/java/lib/javac2.jar!/" type="simple" />
            <root url="jar://$APPLICATION_HOME_DIR$/plugins/java/lib/aether-dependency-resolver.jar!/" type="simple" />
            <root url="jar:///opt/c2p/latest/jre/lib/charsets.jar!/" type="simple" />
            <root url="jar:///opt/c2p/latest/jre/lib/deploy.jar!/" type="simple" />
            <root url="jar:///opt/c2p/latest/jre/lib/ext/cldrdata.jar!/" type="simple" />
            <root url="jar:///opt/c2p/latest/jre/lib/ext/dnsns.jar!/" type="simple" />
            <root url="jar:///opt/c2p/latest/jre/lib/ext/jaccess.jar!/" type="simple" />
            <root url="jar:///opt/c2p/latest/jre/lib/ext/jfxrt.jar!/" type="simple" />
            <root url="jar:///opt/c2p/latest/jre/lib/ext/localedata.jar!/" type="simple" />
            <root url="jar:///opt/c2p/latest/jre/lib/ext/nashorn.jar!/" type="simple" />
            <root url="jar:///opt/c2p/latest/jre/lib/ext/sunec.jar!/" type="simple" />
            <root url="jar:///opt/c2p/latest/jre/lib/ext/sunjce_provider.jar!/" type="simple" />
            <root url="jar:///opt/c2p/latest/jre/lib/ext/sunpkcs11.jar!/" type="simple" />
            <root url="jar:///opt/c2p/latest/jre/lib/ext/zipfs.jar!/" type="simple" />
            <root url="jar:///opt/c2p/latest/jre/lib/javaws.jar!/" type="simple" />
            <root url="jar:///opt/c2p/latest/jre/lib/jce.jar!/" type="simple" />
            <root url="jar:///opt/c2p/latest/jre/lib/jfr.jar!/" type="simple" />
            <root url="jar:///opt/c2p/latest/jre/lib/jfxswt.jar!/" type="simple" />
            <root url="jar:///opt/c2p/latest/jre/lib/jsse.jar!/" type="simple" />
            <root url="jar:///opt/c2p/latest/jre/lib/management-agent.jar!/" type="simple" />
            <root url="jar:///opt/c2p/latest/jre/lib/plugin.jar!/" type="simple" />
            <root url="jar:///opt/c2p/latest/jre/lib/resources.jar!/" type="simple" />
            <root url="jar:///opt/c2p/latest/jre/lib/rt.jar!/" type="simple" />
          </root>
        </classPath>
        <javadocPath>
          <root type="composite" />
        </javadocPath>
        <sourcePath>
          <root type="composite">
            <root url="jar:///opt/c2p/latest/src.zip!/" type="simple" />
            <root url="jar:///opt/c2p/latest/javafx-src.zip!/" type="simple" />
            <root url="file://$APPLICATION_HOME_DIR$" type="simple" />
          </root>
        </sourcePath>
      </roots>
      <additional sdk="1.8">
        <option name="mySandboxHome" value="$USER_HOME$/.IdeaIC2019.2/system/plugins-sandbox" />
      </additional>
    </jdk>
    <jdk version="2">
      <name value="IDEA jdk" />
      <type value="JavaSDK" />
      <version value="java version &quot;1.8.0_161&quot;" />
      <homePath value="/opt/c2p/latest" />
      <roots>
        <annotationsPath>
          <root type="composite">
            <root url="jar://$APPLICATION_HOME_DIR$/plugins/java/lib/jdkAnnotations.jar!/" type="simple" />
          </root>
        </annotationsPath>
        <classPath>
          <root type="composite">
            <root url="jar:///opt/c2p/latest/jre/lib/charsets.jar!/" type="simple" />
            <root url="jar:///opt/c2p/latest/jre/lib/deploy.jar!/" type="simple" />
            <root url="jar:///opt/c2p/latest/jre/lib/ext/cldrdata.jar!/" type="simple" />
            <root url="jar:///opt/c2p/latest/jre/lib/ext/dnsns.jar!/" type="simple" />
            <root url="jar:///opt/c2p/latest/jre/lib/ext/jaccess.jar!/" type="simple" />
            <root url="jar:///opt/c2p/latest/jre/lib/ext/jfxrt.jar!/" type="simple" />
            <root url="jar:///opt/c2p/latest/jre/lib/ext/localedata.jar!/" type="simple" />
            <root url="jar:///opt/c2p/latest/jre/lib/ext/nashorn.jar!/" type="simple" />
            <root url="jar:///opt/c2p/latest/jre/lib/ext/sunec.jar!/" type="simple" />
            <root url="jar:///opt/c2p/latest/jre/lib/ext/sunjce_provider.jar!/" type="simple" />
            <root url="jar:///opt/c2p/latest/jre/lib/ext/sunpkcs11.jar!/" type="simple" />
            <root url="jar:///opt/c2p/latest/jre/lib/ext/zipfs.jar!/" type="simple" />
            <root url="jar:///opt/c2p/latest/jre/lib/javaws.jar!/" type="simple" />
            <root url="jar:///opt/c2p/latest/jre/lib/jce.jar!/" type="simple" />
            <root url="jar:///opt/c2p/latest/jre/lib/jfr.jar!/" type="simple" />
            <root url="jar:///opt/c2p/latest/jre/lib/jfxswt.jar!/" type="simple" />
            <root url="jar:///opt/c2p/latest/jre/lib/jsse.jar!/" type="simple" />
            <root url="jar:///opt/c2p/latest/jre/lib/management-agent.jar!/" type="simple" />
            <root url="jar:///opt/c2p/latest/jre/lib/plugin.jar!/" type="simple" />
            <root url="jar:///opt/c2p/latest/jre/lib/resources.jar!/" type="simple" />
            <root url="jar:///opt/c2p/latest/jre/lib/rt.jar!/" type="simple" />
          </root>
        </classPath>
        <javadocPath>
          <root type="composite" />
        </javadocPath>
        <sourcePath>
          <root type="composite">
            <root url="jar:///opt/c2p/latest/src.zip!/" type="simple" />
            <root url="jar:///opt/c2p/latest/javafx-src.zip!/" type="simple" />
          </root>
        </sourcePath>
      </roots>
      <additional />
    </jdk>
  </component>
</application>